First College Name,County,State,College Location
College Of Marin,Marin,California,Bay Area - Marin
Santa Rosa Junior College,Sonoma,California,Bay Area - Sonoma
Contra Costa College,Contra Costa,California,Bay Area - Contra Costa
Skyline College,San Mateo,California,Bay Area - San Mateo
College Of San Mateo,San Mateo,California,Bay Area - San Mateo
City College Of San Francisco,San Francisco,California,Bay Area - San Francisco
Sierra College,Placer,California,Bay Area - Alameda
Berkeley City College,Alameda,California,Bay Area - Santa Clara
Hartnell College,Monterey,California,Bay Area - Santa Clara
Mesa Community College,Maricopa,Arizona,Bay Area - Contra Costa
College Of The Redwoods,Del Norte,California,Bay Area - Santa Clara
Santa Barbara City College,Santa Barbara,California,Bay Area - Santa Clara
De Anza College,Santa Clara,California,Bay Area - Solano
San Jose City College,Santa Clara,California,Bay Area - Napa
Los Medanos College,Contra Costa,California,Bay Area - Santa Clara
Sacramento City College-los Rios Cc District,Sacramento,California,Bay Area - Santa Clara
Evergreen Valley College,Santa Clara,California,Bay Area - Contra Costa
Mission College,Santa Clara,California,Bay Area - San Mateo
Solano Community College,Solano,California,Bay Area - Alameda
Napa Valley College,Napa,California,Bay Area - Alameda
Foothill College,Santa Clara,California,Bay Area - Contra Costa
Glendale Community College,Los Angeles,California,Outside Bay Area
Palomar College,San Diego,California,Outside Bay Area
Allan Hancock College,Santa Barbara,California,Outside Bay Area
West Valley College,Santa Clara,California,Bay Area - Santa Clara
Merced College,Merced,California,Bay Area - Contra Costa
Santa Monica College,Los Angeles,California,Bay Area - San Mateo
Portland Community College,Multnomah,Oregon,Bay Area - Alameda
San Diego City College,San Diego,California,Bay Area - Alameda
Trinity Valley Community College,Kaufman,Texas,Bay Area - Contra Costa
Richard Bland College,Prince George,Virginia,Outside California
Houston Community College,Harris,Texas,Outside California
Gavilan College,San Benito,California,Outside Bay Area
Diablo Valley College,Contra Costa,California,Bay Area - Contra Costa
Canada College,San Mateo,California,Bay Area - San Mateo
Chabot College,Alameda,California,Bay Area - Alameda
San Joaquin Delta College,San Joaquin,California,Bay Area - Alameda
Fresno City College,Fresno,California,Bay Area - Contra Costa
College Of Alameda,Alameda,California,Bay Area - Alameda
Cosumnes River College-los Rios Cc District,Sacramento,California,Bay Area - Contra Costa
Fayetteville Technical Community College,Cumberland,North Carolina,Outside California
San Bernardino Valley College,San Bernardino,California,Outside Bay Area
Ecpi University Newport News Health Science,Newport News,Virginia,Outside California
Orange Coast College,Orange,California,Outside Bay Area
Century College,Ramsey,Minnesota,Outside California
Carrington College Of California-pleasant Hill,Contra Costa,California,Bay Area - Contra Costa
Irvine Valley College,Orange,California,Outside Bay Area
Oakland Community College,Oakland,Michigan,Outside California
College Of The Sequoias,Tulare,California,Outside Bay Area
Butte College,Butte,California,Outside Bay Area
Allegany College Of Maryland,Allegany,Maryland,Outside California
American River College Los Rios Cc District,Sacramento,California,Outside Bay Area
Monterey Peninsula College,Monterey,California,Outside Bay Area
Grand Rapids Community College,Kent County,Michigan,Outside California
Merritt College,Alameda County,California,Outside Bay Area
Los Angeles Pierce College,Los Angeles County,California,Outside Bay Area
Modesto Junior College,Stanislaus County,California,Outside Bay Area
Scottsdale Community College,Maricopa County,Arizona,Outside California
Rio Hondo College,Los Angeles County,California,Outside Bay Area
Feather River Community College,Plumas County,California,Outside Bay Area
Lane Community College,Lane County,Oregon,Outside California
Altierus Career College- San Francisco,San Francisco County,California,Outside Bay Area
El Camino College,Los Angeles County,California,Outside Bay Area
Heald College - San Francisco,San Francisco County,California,Outside Bay Area
